id,tenantId,civilite,firstName,lastName,nomNaissance,prenomUsuel,email,emailSecondaire,phone,phoneSecondaire,telephoneUrgence,dateOfBirth,lieuNaissance,nationality,nationaliteOrigine,address,codePostal,ville,pays,adresseCorrespondance,codePostalCorrespondance,villeCorrespondance,paysCorrespondance,passportNumber,passportExpiry,passportCountry,idCardNumber,idCardExpiry,titreSejourNumber,titreSejourType,titreSejourExpiry,numeroOFII,numeroAgrefe,situationFamiliale,nombreEnfants,personneACharge,profession,employeur,secteurActivite,situationPro,revenusAnnuels,iban,bic,titulaireBancaire,contactUrgenceNom,contactUrgenceLien,contactUrgenceTel,languePrincipale,languesSecondaires,prefCommunication,accepteNotifications,accepteNewsletter,status,categorie,source,qualite,scoreRisque,tarifHoraire,plafondHoraire,modeFacturation,delaiPaiement,origineClient,datePremiereVisite,dateDernierContact,frequenceContact,satisfactionScore,niveauConfidentialite,consentementRGPD,dateConsentementRGPD,notes,notesPrivees,tags,couleurEtiquette,emoji,dateArchivage,raisonArchivage,champsPersonnalises,createdAt,updatedAt,lastActivityAt
"40513714-6557-424f-b7b4-a790f4070d6a","4620e3a1-29c2-489e-a58c-76c1cddaaacc",,"Fatima","El Amrani",,,"fatima.elamrani@example.com",,"+33612345679",,,,,"Maroc",,,,,"France",,,,,,,,,,,,,,,,0,0,,,,,,,,,,,,"fr",,"email",true,false,"active",,,,,,,,30,,,,,,"normal",false,,,,,,,,,,Tue Jan 20 2026 19:04:07 GMT+0100 (heure normale d’Europe centrale),Tue Jan 20 2026 19:04:07 GMT+0100 (heure normale d’Europe centrale),Tue Jan 20 2026 19:04:07 GMT+0100 (heure normale d’Europe centrale)
"4288bac7-2b12-4761-969e-a464554dd935","b6daae99-79e3-4304-a106-c09474d75353",,"Youssef","Hassan",,,"youssef.hassan@example.com",,"+33634567890",,,,,"Égypte",,,,,"France",,,,,,,,,,,,,,,,0,0,,,,,,,,,,,,"fr",,"email",true,false,"active",,,,,,,,30,,,,,,"normal",false,,,,,,,,,,Tue Jan 20 2026 19:04:07 GMT+0100 (heure normale d’Europe centrale),Tue Jan 20 2026 19:04:07 GMT+0100 (heure normale d’Europe centrale),Tue Jan 20 2026 19:04:07 GMT+0100 (heure normale d’Europe centrale)
"9f4c01a5-6c4a-4fc5-b93b-142cd2fa0381","8fcdaec3-4238-4869-b384-080af262cd33","M.","Client1","Test",,,"client1@demo.com",,"+33 6 11 00 00 00",,,Fri Feb 01 1991 00:00:00 GMT+0100 (heure normale d’Europe centrale),,"Algérienne",,"1 Avenue des Champs","75008","Paris","France",,,,,,,,,,,,,,,,0,0,,,,,,,,,,,,"fr",,"email",true,false,"active",,,,,,,,30,,,,,,"normal",false,,,,,,,,,,Wed Jan 21 2026 00:21:10 GMT+0100 (heure normale d’Europe centrale),Wed Jan 21 2026 00:21:10 GMT+0100 (heure normale d’Europe centrale),Wed Jan 21 2026 00:21:10 GMT+0100 (heure normale d’Europe centrale)
"a28b1c89-344c-461a-a089-e66eda6eb4f5","b6daae99-79e3-4304-a106-c09474d75353",,"Aisha","Mohammed",,,"aisha.mohammed@example.com",,"+33634567891",,,,,"Soudan",,,,,"France",,,,,,,,,,,,,,,,0,0,,,,,,,,,,,,"fr",,"email",true,false,"active",,,,,,,,30,,,,,,"normal",false,,,,,,,,,,Tue Jan 20 2026 19:04:07 GMT+0100 (heure normale d’Europe centrale),Tue Jan 20 2026 19:04:07 GMT+0100 (heure normale d’Europe centrale),Tue Jan 20 2026 19:04:07 GMT+0100 (heure normale d’Europe centrale)
"ac1447aa-bc07-4ca3-86bc-d615c6fd9637","49938dd8-e4dc-44f7-922e-1ca3f5d154f4",,"Elena","Popescu",,,"elena.popescu@example.com",,"+33623456790",,,,,"Roumanie",,,,,"France",,,,,,,,,,,,,,,,0,0,,,,,,,,,,,,"fr",,"email",true,false,"active",,,,,,,,30,,,,,,"normal",false,,,,,,,,,,Tue Jan 20 2026 19:04:07 GMT+0100 (heure normale d’Europe centrale),Tue Jan 20 2026 19:04:07 GMT+0100 (heure normale d’Europe centrale),Tue Jan 20 2026 19:04:07 GMT+0100 (heure normale d’Europe centrale)
"b3e06135-e5da-455e-9ec4-3e46768cd9c0","8fcdaec3-4238-4869-b384-080af262cd33","M.","Client3","Test",,,"client3@demo.com",,"+33 6 13 00 00 00",,,Sat Apr 03 1993 00:00:00 GMT+0200 (heure d’été d’Europe centrale),,"Marocaine",,"3 Avenue des Champs","13001","Marseille","France",,,,,,,,,,,,,,,,0,0,,,,,,,,,,,,"fr",,"email",true,false,"active",,,,,,,,30,,,,,,"normal",false,,,,,,,,,,Wed Jan 21 2026 00:21:10 GMT+0100 (heure normale d’Europe centrale),Wed Jan 21 2026 00:21:10 GMT+0100 (heure normale d’Europe centrale),Wed Jan 21 2026 00:21:10 GMT+0100 (heure normale d’Europe centrale)
"b844094f-2b66-42a4-bce1-43029cfaa139","49938dd8-e4dc-44f7-922e-1ca3f5d154f4",,"Karim","Ibrahim",,,"karim.ibrahim@example.com",,"+33623456789",,,,,"Syrie",,,,,"France",,,,,,,,,,,,,,,,0,0,,,,,,,,,,,,"fr",,"email",true,false,"active",,,,,,,,30,,,,,,"normal",false,,,,,,,,,,Tue Jan 20 2026 19:04:07 GMT+0100 (heure normale d’Europe centrale),Tue Jan 20 2026 19:04:07 GMT+0100 (heure normale d’Europe centrale),Tue Jan 20 2026 19:04:07 GMT+0100 (heure normale d’Europe centrale)
"bcd83c77-a4d0-4484-baeb-14f5af5e3336","8fcdaec3-4238-4869-b384-080af262cd33","Mme","Client2","Test",,,"client2@demo.com",,"+33 6 12 00 00 00",,,Mon Mar 02 1992 00:00:00 GMT+0100 (heure normale d’Europe centrale),,"Tunisienne",,"2 Avenue des Champs","69001","Lyon","France",,,,,,,,,,,,,,,,0,0,,,,,,,,,,,,"fr",,"email",true,false,"active",,,,,,,,30,,,,,,"normal",false,,,,,,,,,,Wed Jan 21 2026 00:21:10 GMT+0100 (heure normale d’Europe centrale),Wed Jan 21 2026 00:21:10 GMT+0100 (heure normale d’Europe centrale),Wed Jan 21 2026 00:21:10 GMT+0100 (heure normale d’Europe centrale)
"e1163c4a-d947-48e3-a517-8da3a7840861","4620e3a1-29c2-489e-a58c-76c1cddaaacc",,"Mohamed","Benali",,,"mohamed.benali@example.com",,"+33612345678",,,,,"Algérie",,,,,"France",,,,,,,,,,,,,,,,0,0,,,,,,,,,,,,"fr",,"email",true,false,"active",,,,,,,,30,,,,,,"normal",false,,,,,,,,,,Tue Jan 20 2026 19:04:07 GMT+0100 (heure normale d’Europe centrale),Tue Jan 20 2026 19:04:07 GMT+0100 (heure normale d’Europe centrale),Tue Jan 20 2026 19:04:07 GMT+0100 (heure normale d’Europe centrale)